#time,steering_angle (rad),encoder_ticks (ticks)
0,0,0
0.5,0.785398163,256
1,0.785398163,256
1.5,0.785398163,256
2,0.785398163,256
2.5,0.785398163,256
3,0.785398163,256
3.5,0.785398163,256
4,0.785398163,256
4.5,0.785398163,256
5,0.785398163,256
5.5,0.785398163,256
6,0.785398163,256
6.5,0.785398163,256
7,0.785398163,256
7.5,0.785398163,256
8,0.785398163,256
8.5,0.785398163,256
9,0.785398163,256
9.5,0.785398163,256
10,0.785398163,256
